feature	metadata	value	coef	stderr	N	N.not.0	pval	qval
Roseburia	Time_c	Time_c	-0.0737571559437216	0.00222462122830605	1071	1047	1.88506178875139e-158	1.99816549607647e-156
Alistipes	Time_c	Time_c	-0.0438772004435911	0.00135317200041351	1071	1070	9.624586553439e-152	5.10103087332267e-150
Odoribacter	Time_c	Time_c	-0.0598409239737417	0.00229601112459424	1071	968	1.89645899131423e-112	6.70082176931029e-111
Lactobacillus	Time_c	Time_c	0.103013673753158	0.00393379673842131	1071	586	4.71452007089372e-112	1.24934781878684e-110
Butyrivibrio	Time_c	Time_c	-0.0748215306786544	0.00287062049869466	1071	654	1.78624769270399e-110	3.78684510853246e-109
Parabacteroides	Time_c	Time_c	-0.0379168763138757	0.00154450972753445	1071	1051	2.5823916999787e-100	4.56222533662903e-99
Bacteroides	Time_c	Time_c	-0.025561941608198	0.00107252433497995	1071	1071	3.95051269388631e-97	5.98220493645642e-96
Akkermansia	Time_c	Time_c	-0.0597729593409217	0.00265807513054175	1071	932	1.02786893507153e-88	1.36192633896978e-87
X.Ruminococcus._torques_group	Time_c	Time_c	-0.0454403924237271	0.00220394515835227	1071	956	4.01448155040378e-77	4.72816715936446e-76
Barnesiella	Time_c	Time_c	-0.0446380602458243	0.00223999878456972	1071	982	1.43983217039199e-72	1.52622210061551e-71
Enterococcus	Time_c	Time_c	0.0913768982959066	0.00465506903074821	1071	715	3.75601663850391e-72	3.61943421528559e-71
CAG.352	Time_c	Time_c	-0.0406591360967489	0.00210320357384088	1071	936	1.14476080628863e-68	1.01120537888829e-67
Anaeroplasma	Time_c	Time_c	-0.0633032420767852	0.00335927798328261	1071	524	9.81416077499682e-67	8.00231570884356e-66
Coprobacter	Time_c	Time_c	-0.0458738102922506	0.00250795186174223	1071	686	2.63558322345867e-63	1.99551301204728e-62
X.Eubacterium._coprostanoligenes_group	Time_c	Time_c	-0.0500395748555882	0.00274673646893317	1071	930	4.69084407669932e-63	3.31486314753418e-62
Citrobacter	Time_c	Time_c	0.076108494910903	0.00424998167345722	1071	555	4.42495798282195e-62	2.93153466361954e-61
X.Eubacterium._siraeum_group	Time_c	Time_c	-0.0473335803648163	0.00273386776504371	1071	863	4.44615571929413e-58	2.77230886026575e-57
Ruminococcus	Time_c	Time_c	-0.031156053655045	0.00193414049404546	1071	1028	8.34031747784837e-51	4.91152029251071e-50
X.Eubacterium._ventriosum_group	Time_c	Time_c	-0.0525322690029272	0.00347979884339683	1071	605	2.53730596144382e-46	1.4155496416476e-45
Klebsiella	Time_c	Time_c	0.0574093660986016	0.00385456425330593	1071	862	6.66326194261948e-45	3.53152882958832e-44
Butyricimonas	Time_c	Time_c	-0.0516073000675277	0.00348843779799687	1071	588	1.37064300885661e-44	6.9184837589905e-44
X.Eubacterium._ruminantium_group	Time_c	Time_c	-0.0448894355918241	0.00311471278364312	1071	658	2.68245460769989e-42	1.29245540189177e-41
Weissella	Time_c	Time_c	0.0479297443307443	0.00341256386412536	1071	318	1.44612349392309e-40	6.66474305894991e-40
Bilophila	Time_c	Time_c	-0.0378113291376403	0.00276040248898836	1071	816	5.2818525954562e-39	2.33281822965982e-38
Paraprevotella	Time_c	Time_c	-0.0325323852699031	0.00239489093010461	1071	939	5.31047771071939e-38	2.25164254934502e-37
Sutterella	Time_c	Time_c	-0.0228240264100368	0.00171453880177096	1071	1041	8.97301305792685e-37	3.65822840053941e-36
Defluviitaleaceae_UCG.011	Time_c	Time_c	-0.0337610274506269	0.00259431392137554	1071	677	1.66785183099535e-35	6.54786274390768e-35
X.Eubacterium._eligens_group	Time_c	Time_c	-0.0299515126044964	0.00230271965615224	1071	1042	1.83680448487089e-35	6.9536169784398e-35
X.Eubacterium._xylanophilum_group	Time_c	Time_c	-0.0463545622076077	0.0035828700766984	1071	898	3.52520074589669e-35	1.28852165194844e-34
Lachnoclostridium	Time_c	Time_c	0.016002939787092	0.00126750956160452	1071	1071	7.43037749031216e-34	2.62540004657696e-33
Erysipelotrichaceae_UCG.003	Time_c	Time_c	-0.0356008245842484	0.00294236179834155	1071	887	2.2887203505958e-31	7.82594700526307e-31
Erysipelatoclostridiaceae	Time_c	Time_c	-0.0290245051509464	0.00248005335573752	1071	743	2.34550423153721e-29	7.769482766967e-29
Izemoplasmatales	Time_c	Time_c	-0.0284263166143872	0.00245874367743765	1071	413	8.6131355471558e-29	2.76664353938944e-28
Lachnospiraceae_NK4A136_group	Time_c	Time_c	-0.0183774586353884	0.00160070647754009	1071	1066	1.9028034247178e-28	5.93226950059078e-28
Lachnospira	Time_c	Time_c	-0.0295656075405487	0.00262154767620069	1071	1013	1.10042791421988e-27	3.33272454020879e-27
Christensenellaceae_R.7_group	Time_c	Time_c	-0.0185951021049752	0.00168013486637779	1071	1037	1.2409650700075e-26	3.65395270613319e-26
Incertae_Sedis	Time_c	Time_c	-0.0322256173422075	0.00295304652107612	1071	829	3.53969440790747e-26	1.01407461415728e-25
Lachnospiraceae_FCS020_group	Time_c	Time_c	-0.0276161728783342	0.00268612773113769	1071	864	1.31046643004392e-23	3.65551162064884e-23
Acidaminococcus	Time_c	Time_c	0.0244491325694425	0.00237559046519857	1071	723	1.98776976974191e-23	5.40265629724725e-23
X.Eubacterium._hallii_group	Time_c	Time_c	-0.0165600377381726	0.00162756939637545	1071	1068	3.91429098895064e-23	1.03728711207192e-22
Fournierella	Time_c	Time_c	-0.0185385281642593	0.00185695284896876	1071	723	3.32621711251916e-22	8.59948814456173e-22
Family_XIII_AD3011_group	Time_c	Time_c	0.036451043442357	0.00372541483770815	1071	431	1.29154281687514e-21	3.25960806163726e-21
Parasutterella	Time_c	Time_c	-0.0173362650610479	0.0017791774351774	1071	1049	2.52043280452543e-21	6.2131599367371e-21
Faecalibacterium	Time_c	Time_c	-0.0121638169684385	0.00126017322248558	1071	1071	5.12025283216425e-21	1.23351545502139e-20
Monoglobus	Time_c	Time_c	-0.0265250566010744	0.00277939823429701	1071	940	1.21028696659279e-20	2.85089818797413e-20
Dorea	Time_c	Time_c	-0.011046759245182	0.00115727425993109	1071	1068	1.34998610958208e-20	3.11083755686306e-20
Asteroleplasma	Time_c	Time_c	-0.0251350765640587	0.00266811053089037	1071	745	4.43205555269871e-20	9.99569975715028e-20
Streptococcus	Time_c	Time_c	-0.0276721328060932	0.00300692704514964	1071	421	2.29139133675912e-19	5.0601558686764e-19
UCG.005	Time_c	Time_c	-0.0183258295347862	0.00200481943299134	1071	1019	4.66729853581995e-19	1.00966049958554e-18
Romboutsia	Time_c	Time_c	-0.0135679810639954	0.0014941157827225	1071	1041	7.26017954637857e-19	1.53915806383226e-18
Butyricicoccus	Time_c	Time_c	-0.0218195886630155	0.00244969582785424	1071	919	2.78127078246527e-18	5.78068044982978e-18
Prevotella	Time_c	Time_c	0.0154170943534736	0.00173022246217094	1071	1047	3.38213356997966e-18	6.89434920034315e-18
Phascolarctobacterium	Time_c	Time_c	-0.0134248464547324	0.00152212340206311	1071	996	7.12214982207241e-18	1.42442996441448e-17
Anaerostipes	Time_c	Time_c	-0.0204243272012503	0.00242974660223828	1071	1039	1.64295387141595e-16	3.22505759944613e-16
Holdemanella	Time_c	Time_c	-0.0221720735044282	0.00264642496902379	1071	796	2.27484954781955e-16	4.38425549216131e-16
Allisonella	Time_c	Time_c	0.021494487092745	0.00261072872166427	1071	862	6.88938572007704e-16	1.30406229701458e-15
Flavonifractor	Time_c	Time_c	-0.0258944899382223	0.00320065301292805	1071	513	1.83315376255029e-15	3.40902278649703e-15
Oscillospira	Time_c	Time_c	-0.0240409329578492	0.00297671166831695	1071	832	2.15982236184275e-15	3.89754569556289e-15
UCG.010	Time_c	Time_c	-0.0187660699405582	0.00232006348032643	1071	882	2.16938864186991e-15	3.89754569556289e-15
Bifidobacterium	Time_c	Time_c	0.0178227849207845	0.0023486333556733	1071	1067	8.08407762547089e-14	1.42818704716652e-13
NK4A214_group	Time_c	Time_c	-0.0116543315292226	0.00158478392997999	1071	1024	4.69983173877578e-13	8.16692072639726e-13
Lactococcus	Time_c	Time_c	0.0293573916118186	0.00408771405433052	1071	393	1.39085398543391e-12	2.37791165251604e-12
Bacteroidales_RF16_group	Time_c	Time_c	0.0183332170342698	0.00255147600073937	1071	376	1.45368235375862e-12	2.44587824600657e-12
Terrisporobacter	Time_c	Time_c	-0.0189235343401929	0.00302471308247522	1071	674	6.00734362984094e-10	9.94966288692405e-10
Clostridium_sensu_stricto_1	Time_c	Time_c	-0.0119913849976454	0.00198688712135092	1071	1028	2.32723206482552e-09	3.795178444177e-09
Muribaculaceae	Time_c	Time_c	-0.0106514311762793	0.00180428766302723	1071	903	5.27454229894161e-09	8.36214272273337e-09
Turicibacter	Time_c	Time_c	-0.0227107310379985	0.00385291394278299	1071	705	5.28550530587864e-09	8.36214272273337e-09
UCG.002	Time_c	Time_c	0.00954157086859824	0.00162248413212036	1071	1057	5.95593213131667e-09	9.28424714587598e-09
Oscillibacter	Time_c	Time_c	-0.0139292034899599	0.00241143581863256	1071	975	1.03979709150787e-08	1.59736944492513e-08
Intestinibacter	Time_c	Time_c	-0.0147096975365695	0.00262116968098556	1071	864	2.69103768836463e-08	4.07499992809502e-08
Intestinimonas	Time_c	Time_c	-0.0171055639498122	0.00306679025478632	1071	652	3.22681115187787e-08	4.81749270562048e-08
Lachnospiraceae_UCG.004	Time_c	Time_c	-0.0131173163369313	0.00240880105739282	1071	1017	6.64732068828613e-08	9.78633323553236e-08
Family_XIII_UCG.001	Time_c	Time_c	0.0163539000527883	0.0030411944155396	1071	729	9.7111552406047e-08	1.41011295274534e-07
Coprococcus	Time_c	Time_c	-0.0055312172440411	0.001065330497728	1071	1065	2.62670392346281e-07	3.76257589036565e-07
Agathobacter	Time_c	Time_c	-0.00733943601685733	0.00156366375482069	1071	1070	3.11803891265335e-06	4.4068283298834e-06
Enterobacter	Time_c	Time_c	0.013910180131815	0.00315348750770992	1071	385	1.15232604515994e-05	1.60719158930203e-05
Megasphaera	Time_c	Time_c	0.00873232698121842	0.00203777657198603	1071	430	2.04263333454294e-05	2.81193679820197e-05
Methanobrevibacter	Time_c	Time_c	0.00992808027329338	0.00233549339441852	1071	918	2.37489587696181e-05	3.22742260202503e-05
Lachnospiraceae_UCG.010	Time_c	Time_c	0.013252951656841	0.00313821543572821	1071	847	2.66406991957384e-05	3.57457482879528e-05
Negativibacillus	Time_c	Time_c	0.0137473936856054	0.00330954459333487	1071	539	3.56529222702266e-05	4.72401220080502e-05
Clostridia_UCG.014	Time_c	Time_c	-0.00759691808782553	0.00183384447706195	1071	998	3.79839047954638e-05	4.97073322014711e-05
UCG.004	Time_c	Time_c	-0.0120802130766821	0.00295857151725339	1071	604	4.84395709807188e-05	6.26170063897097e-05
UCG.003	Time_c	Time_c	-0.00730519065946665	0.00187399600933955	1071	1045	0.00010473448339641	0.000133757292048427
Rikenellaceae_RC9_gut_group	Time_c	Time_c	0.00920835033349896	0.00243042271783836	1071	755	0.000162835024790868	0.000205482293188476
Succinivibrio	Time_c	Time_c	-0.00760907264463026	0.00205672244566619	1071	578	0.000230813411754353	0.000287837901717193
Bacillus	Time_c	Time_c	0.0156722692304428	0.00450874371880456	1071	513	0.000531586668973745	0.000655211475711826
Tyzzerella	Time_c	Time_c	-0.0117994010334218	0.0035032207182458	1071	478	0.000789471056219867	0.000961884275394321
Blautia	Time_c	Time_c	-0.00341880110899888	0.00106840116823597	1071	1070	0.00142283002501437	0.00171386343922186
Clostridia_vadinBB60_group	Time_c	Time_c	-0.00643720321831843	0.00229178581218157	1071	849	0.00509074682797054	0.00606313667151547
Slackia	Time_c	Time_c	0.00891483583541186	0.00321883453395406	1071	649	0.00572810001910272	0.00674642891138765
Fusicatenibacter	Time_c	Time_c	-0.00437644463248146	0.00178737875703252	1071	1053	0.0145406521705807	0.0169374629679292
uncultured	Time_c	Time_c	0.00436892785575344	0.00191437040273903	1071	1060	0.0227297283953802	0.0261886001077207
Colidextribacter	Time_c	Time_c	0.00406882865423458	0.00185982944585857	1071	1020	0.0289525677300339	0.032999700853587
Desulfovibrio	Time_c	Time_c	-0.00503004118211614	0.00241583762109168	1071	685	0.037640814475147	0.0424460248336764
Subdoligranulum	Time_c	Time_c	-0.00214512578854313	0.00115709217014651	1071	1062	0.0641123303248041	0.0715358633097814
Marvinbryantia	Time_c	Time_c	-0.0041385750078567	0.0026102189783842	1071	953	0.113188844304701	0.124979348919774
Dialister	Time_c	Time_c	0.0024941597524239	0.00163048703748149	1071	1014	0.12648433793109	0.138219998151501
RF39	Time_c	Time_c	-0.00377167668381677	0.00248373011743221	1071	758	0.129256933272093	0.139808519661651
Prevotellaceae_NK3B31_group	Time_c	Time_c	-0.00380383115538868	0.00258523404297007	1071	190	0.141576438817179	0.15158689408708
Collinsella	Time_c	Time_c	0.00300456983541263	0.00231811807980239	1071	1032	0.195275100034267	0.206991606036323
Lachnospiraceae_ND3007_group	Time_c	Time_c	-0.00194773526317282	0.00165662170377613	1071	1038	0.240038676579009	0.25192177937995
vadinBE97	Time_c	Time_c	-0.00360722868421142	0.00354301321516334	1071	230	0.308891964287078	0.321005374651277
Escherichia.Shigella	Time_c	Time_c	-0.00146781324761355	0.00256217093914084	1071	1010	0.56686820090741	0.583378925205684
Catenibacterium	Time_c	Time_c	-0.00149484924801107	0.00291302380247015	1071	760	0.607975543100687	0.619667380468008
CAG.873	Time_c	Time_c	-0.000258532788262172	0.0015507395418637	1071	528	0.867636387102575	0.875899590789266
X.Ruminococcus._gauvreauii_group	Time_c	Time_c	-0.000184694706184989	0.00168455560203635	1071	999	0.91272168152689	0.91272168152689
